{"key2": ["2", 1715027894.750255], "key0": ["0", 1715027894.7511628], "key1": ["1", 1715027894.750607], "key22": [0, null], "key21": [0, null], "key20": [0, null]}